<?xml version="1.0" encoding="utf-8" standalone="no"?>
<info>
	<ShinseiAnken>
		<UketsukeJohoList/>
		<OshiraseList/>
		<ShutokuKobunshoList/>
		<NofuJohoList/>
		<TempuFileList/>
		<TetsuzukiID>HM0504000300001</TetsuzukiID>
		<ShinseiBango/>
		<ShokaiShinseiBango/>
		<ShoriJokyoKubun>1</ShoriJokyoKubun>
		<Kemmei>未失効照会6</Kemmei>
		<SaishuKoshinNichiji>2019/12/16 14:49:47</SaishuKoshinNichiji>
		<TempuFileUmuFlag>0</TempuFileUmuFlag>
		<ShomeiUmuFlag>0</ShomeiUmuFlag>
		<RenkenDoJuniBango>0</RenkenDoJuniBango>
		<RenkenIshiKakuteiFlag>1</RenkenIshiKakuteiFlag>
		<TotatsuTsuchiUmuFlag>0</TotatsuTsuchiUmuFlag>
		<UketsukeNoOshiraseUmuFlag>0</UketsukeNoOshiraseUmuFlag>
		<OshiraseUmuFlag>0</OshiraseUmuFlag>
		<HoseiNoOshiraseUmuFlag>0</HoseiNoOshiraseUmuFlag>
		<KobunshoUmuFlag>0</KobunshoUmuFlag>
		<NofuJohoUmuFlag>0</NofuJohoUmuFlag>
		<ShinseisakiTokishoCode>1310</ShinseisakiTokishoCode>
		<ShinseisakiTokishoMeisho>京都地方法務局伏見出張所</ShinseisakiTokishoMeisho>
		<UketsukeTokisho/>
		<SoshinshaID/>
		<SoshinshaMei/>
		<ShinseishoKubun>1</ShinseishoKubun>
	</ShinseiAnken>
</info>
