<?xml version="1.0" encoding="utf-8" standalone="no"?>
<info>
	<ShinseiAnken>
		<UketsukeJohoList/>
		<OshiraseList/>
		<ShutokuKobunshoList/>
		<NofuJohoList/>
		<TempuFileList/>
		<TetsuzukiID>HM0501201020001</TetsuzukiID>
		<ShinseiBango/>
		<ShokaiShinseiBango/>
		<ShoriJokyoKubun>1</ShoriJokyoKubun>
		<Kemmei>ファイル作成テスト</Kemmei>
		<SaishuKoshinNichiji>2020/01/28 12:08:17</SaishuKoshinNichiji>
		<TempuFileUmuFlag>0</TempuFileUmuFlag>
		<ShomeiUmuFlag>0</ShomeiUmuFlag>
		<RenkenDoJuniBango>0</RenkenDoJuniBango>
		<RenkenIshiKakuteiFlag>1</RenkenIshiKakuteiFlag>
		<TotatsuTsuchiUmuFlag>0</TotatsuTsuchiUmuFlag>
		<UketsukeNoOshiraseUmuFlag>0</UketsukeNoOshiraseUmuFlag>
		<OshiraseUmuFlag>0</OshiraseUmuFlag>
		<HoseiNoOshiraseUmuFlag>0</HoseiNoOshiraseUmuFlag>
		<KobunshoUmuFlag>0</KobunshoUmuFlag>
		<NofuJohoUmuFlag>0</NofuJohoUmuFlag>
		<ShinseisakiTokishoCode>1200</ShinseisakiTokishoCode>
		<ShinseisakiTokishoMeisho>大阪法務局</ShinseisakiTokishoMeisho>
		<UketsukeTokisho/>
		<SoshinshaID/>
		<SoshinshaMei/>
		<ShinseishoKubun>1</ShinseishoKubun>
	</ShinseiAnken>
</info>
